<?xml version="1.0" encoding="UTF-8"?><?xml-stylesheet type='text/xsl' href='_UpgradeReport_Files/UpgradeReport.xslt'?><UpgradeLog>
<Properties><Property Name="Solution" Value="Registros 1a Prop">
</Property><Property Name="Solution File" Value="C:\Documents and Settings\Administrador\Mis documentos\2003 my VS Projects\Mios\Registros 1a Prop\Registros 1a Prop.sln">
</Property><Property Name="User Options File" Value="C:\Documents and Settings\Administrador\Mis documentos\2003 my VS Projects\Mios\Registros 1a Prop\Registros 1a Prop.suo">
</Property><Property Name="Date" Value="Lunes, 28 de Enero de 2008">
</Property><Property Name="Time" Value="17:27 p.m.">
</Property></Properties><Event ErrorLevel="0" Project="" Source="Registros 1a Prop.sln" Description="File successfully backed up as C:\Documents and Settings\Administrador\Mis documentos\2003 my VS Projects\Mios\Registros 1a Prop\Backup\Registros 1a Prop.sln">
</Event><Event ErrorLevel="0" Project="" Source="Registros 1a Prop.suo" Description="File successfully backed up as C:\Documents and Settings\Administrador\Mis documentos\2003 my VS Projects\Mios\Registros 1a Prop\Backup\Registros 1a Prop.suo">
</Event><Event ErrorLevel="0" Project="Registros 1a Prop" Source="Registros 1a Prop.vbproj" Description="Project file successfully backed up as C:\Documents and Settings\Administrador\Mis documentos\2003 my VS Projects\Mios\Registros 1a Prop\Backup\Registros 1a Prop.vbproj">
</Event><Event ErrorLevel="0" Project="Registros 1a Prop" Source="Registros 1a Prop.vbproj.user" Description="Project user file successfully backed up as C:\Documents and Settings\Administrador\Mis documentos\2003 my VS Projects\Mios\Registros 1a Prop\Backup\Registros 1a Prop.vbproj.user">
</Event><Event ErrorLevel="0" Project="Registros 1a Prop" Source="AssemblyInfo.vb" Description="File successfully backed up as C:\Documents and Settings\Administrador\Mis documentos\2003 my VS Projects\Mios\Registros 1a Prop\Backup\AssemblyInfo.vb">
</Event><Event ErrorLevel="0" Project="Registros 1a Prop" Source="Hojas\about.vb" Description="File successfully backed up as C:\Documents and Settings\Administrador\Mis documentos\2003 my VS Projects\Mios\Registros 1a Prop\Backup\Hojas\about.vb">
</Event><Event ErrorLevel="0" Project="Registros 1a Prop" Source="Hojas\Consulta.vb" Description="File successfully backed up as C:\Documents and Settings\Administrador\Mis documentos\2003 my VS Projects\Mios\Registros 1a Prop\Backup\Hojas\Consulta.vb">
</Event><Event ErrorLevel="0" Project="Registros 1a Prop" Source="Hojas\Filtro.vb" Description="File successfully backed up as C:\Documents and Settings\Administrador\Mis documentos\2003 my VS Projects\Mios\Registros 1a Prop\Backup\Hojas\Filtro.vb">
</Event><Event ErrorLevel="0" Project="Registros 1a Prop" Source="Hojas\FrmView.vb" Description="File successfully backed up as C:\Documents and Settings\Administrador\Mis documentos\2003 my VS Projects\Mios\Registros 1a Prop\Backup\Hojas\FrmView.vb">
</Event><Event ErrorLevel="0" Project="Registros 1a Prop" Source="Hojas\Main.vb" Description="File successfully backed up as C:\Documents and Settings\Administrador\Mis documentos\2003 my VS Projects\Mios\Registros 1a Prop\Backup\Hojas\Main.vb">
</Event><Event ErrorLevel="0" Project="Registros 1a Prop" Source="Mas codg\BoX.vb" Description="File successfully backed up as C:\Documents and Settings\Administrador\Mis documentos\2003 my VS Projects\Mios\Registros 1a Prop\Backup\Mas codg\BoX.vb">
</Event><Event ErrorLevel="0" Project="Registros 1a Prop" Source="Mas codg\ClassDibujo.vb" Description="File successfully backed up as C:\Documents and Settings\Administrador\Mis documentos\2003 my VS Projects\Mios\Registros 1a Prop\Backup\Mas codg\ClassDibujo.vb">
</Event><Event ErrorLevel="0" Project="Registros 1a Prop" Source="Mas codg\DirectoryNode.vb" Description="File successfully backed up as C:\Documents and Settings\Administrador\Mis documentos\2003 my VS Projects\Mios\Registros 1a Prop\Backup\Mas codg\DirectoryNode.vb">
</Event><Event ErrorLevel="0" Project="Registros 1a Prop" Source="Mas codg\FolderList.vb" Description="File successfully backed up as C:\Documents and Settings\Administrador\Mis documentos\2003 my VS Projects\Mios\Registros 1a Prop\Backup\Mas codg\FolderList.vb">
</Event><Event ErrorLevel="0" Project="Registros 1a Prop" Source="App1.config" Description="File successfully backed up as C:\Documents and Settings\Administrador\Mis documentos\2003 my VS Projects\Mios\Registros 1a Prop\Backup\App1.config">
</Event><Event ErrorLevel="0" Project="Registros 1a Prop" Source="Iconos\Icon1.ico" Description="File successfully backed up as C:\Documents and Settings\Administrador\Mis documentos\2003 my VS Projects\Mios\Registros 1a Prop\Backup\Iconos\Icon1.ico">
</Event><Event ErrorLevel="0" Project="Registros 1a Prop" Source="Iconos\Icon1amarillo.ico" Description="File successfully backed up as C:\Documents and Settings\Administrador\Mis documentos\2003 my VS Projects\Mios\Registros 1a Prop\Backup\Iconos\Icon1amarillo.ico">
</Event><Event ErrorLevel="0" Project="Registros 1a Prop" Source="Iconos\IconCanal1.ico" Description="File successfully backed up as C:\Documents and Settings\Administrador\Mis documentos\2003 my VS Projects\Mios\Registros 1a Prop\Backup\Iconos\IconCanal1.ico">
</Event><Event ErrorLevel="0" Project="Registros 1a Prop" Source="Iconos\IconCanal1RAW.ico" Description="File successfully backed up as C:\Documents and Settings\Administrador\Mis documentos\2003 my VS Projects\Mios\Registros 1a Prop\Backup\Iconos\IconCanal1RAW.ico">
</Event><Event ErrorLevel="0" Project="Registros 1a Prop" Source="Iconos\IconCanal2.ico" Description="File successfully backed up as C:\Documents and Settings\Administrador\Mis documentos\2003 my VS Projects\Mios\Registros 1a Prop\Backup\Iconos\IconCanal2.ico">
</Event><Event ErrorLevel="0" Project="Registros 1a Prop" Source="Iconos\IconCanal2RAW.ico" Description="File successfully backed up as C:\Documents and Settings\Administrador\Mis documentos\2003 my VS Projects\Mios\Registros 1a Prop\Backup\Iconos\IconCanal2RAW.ico">
</Event><Event ErrorLevel="0" Project="Registros 1a Prop" Source="Iconos\IconCanal3.ico" Description="File successfully backed up as C:\Documents and Settings\Administrador\Mis documentos\2003 my VS Projects\Mios\Registros 1a Prop\Backup\Iconos\IconCanal3.ico">
</Event><Event ErrorLevel="0" Project="Registros 1a Prop" Source="Iconos\IconCanal3RAW.ico" Description="File successfully backed up as C:\Documents and Settings\Administrador\Mis documentos\2003 my VS Projects\Mios\Registros 1a Prop\Backup\Iconos\IconCanal3RAW.ico">
</Event><Event ErrorLevel="0" Project="Registros 1a Prop" Source="Iconos\IconHDR.ico" Description="File successfully backed up as C:\Documents and Settings\Administrador\Mis documentos\2003 my VS Projects\Mios\Registros 1a Prop\Backup\Iconos\IconHDR.ico">
</Event><Event ErrorLevel="0" Project="Registros 1a Prop" Source="Iconos\IconSHD.ico" Description="File successfully backed up as C:\Documents and Settings\Administrador\Mis documentos\2003 my VS Projects\Mios\Registros 1a Prop\Backup\Iconos\IconSHD.ico">
</Event><Event ErrorLevel="0" Project="Registros 1a Prop" Source="Consult.inf" Description="File successfully backed up as C:\Documents and Settings\Administrador\Mis documentos\2003 my VS Projects\Mios\Registros 1a Prop\Backup\Consult.inf">
</Event><Event ErrorLevel="0" Project="Registros 1a Prop" Source="Icon1.ico" Description="File successfully backed up as C:\Documents and Settings\Administrador\Mis documentos\2003 my VS Projects\Mios\Registros 1a Prop\Backup\Icon1.ico">
</Event><Event ErrorLevel="0" Project="Registros 1a Prop" Source="KW2ASC32.exe" Description="File successfully backed up as C:\Documents and Settings\Administrador\Mis documentos\2003 my VS Projects\Mios\Registros 1a Prop\Backup\KW2ASC32.exe">
</Event><Event ErrorLevel="0" Project="Registros 1a Prop" Source="Hojas\about.resx" Description="File successfully backed up as C:\Documents and Settings\Administrador\Mis documentos\2003 my VS Projects\Mios\Registros 1a Prop\Backup\Hojas\about.resx">
</Event><Event ErrorLevel="0" Project="Registros 1a Prop" Source="Hojas\Consulta.resx" Description="File successfully backed up as C:\Documents and Settings\Administrador\Mis documentos\2003 my VS Projects\Mios\Registros 1a Prop\Backup\Hojas\Consulta.resx">
</Event><Event ErrorLevel="0" Project="Registros 1a Prop" Source="Hojas\Filtro.resx" Description="File successfully backed up as C:\Documents and Settings\Administrador\Mis documentos\2003 my VS Projects\Mios\Registros 1a Prop\Backup\Hojas\Filtro.resx">
</Event><Event ErrorLevel="0" Project="Registros 1a Prop" Source="Hojas\FrmView.resx" Description="File successfully backed up as C:\Documents and Settings\Administrador\Mis documentos\2003 my VS Projects\Mios\Registros 1a Prop\Backup\Hojas\FrmView.resx">
</Event><Event ErrorLevel="0" Project="Registros 1a Prop" Source="Hojas\Main.resx" Description="File successfully backed up as C:\Documents and Settings\Administrador\Mis documentos\2003 my VS Projects\Mios\Registros 1a Prop\Backup\Hojas\Main.resx">
</Event><Event ErrorLevel="0" Project="Registros 1a Prop" Source="Registros 1a Prop.vbproj" Description="Project converted successfully">
</Event><Event ErrorLevel="3" Project="Registros 1a Prop" Source="Registros 1a Prop.vbproj" Description="Converted">
</Event><Event ErrorLevel="0" Project="" Source="Registros 1a Prop.sln" Description="Solution converted successfully">
</Event><Event ErrorLevel="3" Project="" Source="Registros 1a Prop.sln" Description="Converted">
</Event><Event ErrorLevel="0" Project="Registros 1a Prop" Source="Registros 1a Prop.vbproj" Description="Scan complete: Upgrade not required for project files.">
</Event></UpgradeLog>