<?xml version="1.0" encoding="UTF-8"?><?xml-stylesheet type='text/xsl' href='_UpgradeReport_Files/UpgradeReport.xslt'?><UpgradeLog>
<Properties><Property Name="Solution" Value="Editor de Registros Sísmicos">
</Property><Property Name="Solution File" Value="C:\Documents and Settings\Administrador\Mis documentos\2003 my VS Projects\Mios\Editor de Registros Sísmicos\Editor de Registros Sísmicos.sln">
</Property><Property Name="User Options File" Value="C:\Documents and Settings\Administrador\Mis documentos\2003 my VS Projects\Mios\Editor de Registros Sísmicos\Editor de Registros Sísmicos.suo">
</Property><Property Name="Date" Value="Viernes, 18 de Enero de 2008">
</Property><Property Name="Time" Value="06:18 a.m.">
</Property></Properties><Event ErrorLevel="0" Project="" Source="Editor de Registros Sísmicos.sln" Description="File successfully backed up as C:\Documents and Settings\Administrador\Mis documentos\2003 my VS Projects\Mios\Editor de Registros Sísmicos\Backup\Editor de Registros Sísmicos.sln">
</Event><Event ErrorLevel="0" Project="" Source="Editor de Registros Sísmicos.suo" Description="File successfully backed up as C:\Documents and Settings\Administrador\Mis documentos\2003 my VS Projects\Mios\Editor de Registros Sísmicos\Backup\Editor de Registros Sísmicos.suo">
</Event><Event ErrorLevel="0" Project="Editor de Registros Sísmicos" Source="Editor de Registros Sísmicos.vbproj" Description="Project file successfully backed up as C:\Documents and Settings\Administrador\Mis documentos\2003 my VS Projects\Mios\Editor de Registros Sísmicos\Backup\Editor de Registros Sísmicos.vbproj">
</Event><Event ErrorLevel="0" Project="Editor de Registros Sísmicos" Source="Editor de Registros Sísmicos.vbproj.user" Description="Project user file successfully backed up as C:\Documents and Settings\Administrador\Mis documentos\2003 my VS Projects\Mios\Editor de Registros Sísmicos\Backup\Editor de Registros Sísmicos.vbproj.user">
</Event><Event ErrorLevel="0" Project="Editor de Registros Sísmicos" Source="AssemblyInfo.vb" Description="File successfully backed up as C:\Documents and Settings\Administrador\Mis documentos\2003 my VS Projects\Mios\Editor de Registros Sísmicos\Backup\AssemblyInfo.vb">
</Event><Event ErrorLevel="0" Project="Editor de Registros Sísmicos" Source="Box.vb" Description="File successfully backed up as C:\Documents and Settings\Administrador\Mis documentos\2003 my VS Projects\Mios\Editor de Registros Sísmicos\Backup\Box.vb">
</Event><Event ErrorLevel="0" Project="Editor de Registros Sísmicos" Source="ClassDibujo.vb" Description="File successfully backed up as C:\Documents and Settings\Administrador\Mis documentos\2003 my VS Projects\Mios\Editor de Registros Sísmicos\Backup\ClassDibujo.vb">
</Event><Event ErrorLevel="0" Project="Editor de Registros Sísmicos" Source="Hojas\about.vb" Description="File successfully backed up as C:\Documents and Settings\Administrador\Mis documentos\2003 my VS Projects\Mios\Editor de Registros Sísmicos\Backup\Hojas\about.vb">
</Event><Event ErrorLevel="0" Project="Editor de Registros Sísmicos" Source="Hojas\bugger.vb" Description="File successfully backed up as C:\Documents and Settings\Administrador\Mis documentos\2003 my VS Projects\Mios\Editor de Registros Sísmicos\Backup\Hojas\bugger.vb">
</Event><Event ErrorLevel="0" Project="Editor de Registros Sísmicos" Source="Hojas\Escalar.vb" Description="File successfully backed up as C:\Documents and Settings\Administrador\Mis documentos\2003 my VS Projects\Mios\Editor de Registros Sísmicos\Backup\Hojas\Escalar.vb">
</Event><Event ErrorLevel="0" Project="Editor de Registros Sísmicos" Source="Hojas\FiltrBound.vb" Description="File successfully backed up as C:\Documents and Settings\Administrador\Mis documentos\2003 my VS Projects\Mios\Editor de Registros Sísmicos\Backup\Hojas\FiltrBound.vb">
</Event><Event ErrorLevel="0" Project="Editor de Registros Sísmicos" Source="Hojas\Form1.vb" Description="File successfully backed up as C:\Documents and Settings\Administrador\Mis documentos\2003 my VS Projects\Mios\Editor de Registros Sísmicos\Backup\Hojas\Form1.vb">
</Event><Event ErrorLevel="0" Project="Editor de Registros Sísmicos" Source="Hojas\guardar.vb" Description="File successfully backed up as C:\Documents and Settings\Administrador\Mis documentos\2003 my VS Projects\Mios\Editor de Registros Sísmicos\Backup\Hojas\guardar.vb">
</Event><Event ErrorLevel="0" Project="Editor de Registros Sísmicos" Source="Hojas\Lista.vb" Description="File successfully backed up as C:\Documents and Settings\Administrador\Mis documentos\2003 my VS Projects\Mios\Editor de Registros Sísmicos\Backup\Hojas\Lista.vb">
</Event><Event ErrorLevel="0" Project="Editor de Registros Sísmicos" Source="Hojas\prop.vb" Description="File successfully backed up as C:\Documents and Settings\Administrador\Mis documentos\2003 my VS Projects\Mios\Editor de Registros Sísmicos\Backup\Hojas\prop.vb">
</Event><Event ErrorLevel="0" Project="Editor de Registros Sísmicos" Source="Hojas\Transf.vb" Description="File successfully backed up as C:\Documents and Settings\Administrador\Mis documentos\2003 my VS Projects\Mios\Editor de Registros Sísmicos\Backup\Hojas\Transf.vb">
</Event><Event ErrorLevel="0" Project="Editor de Registros Sísmicos" Source="Hojas\TRFview.vb" Description="File successfully backed up as C:\Documents and Settings\Administrador\Mis documentos\2003 my VS Projects\Mios\Editor de Registros Sísmicos\Backup\Hojas\TRFview.vb">
</Event><Event ErrorLevel="0" Project="Editor de Registros Sísmicos" Source="Hojas\Ventana.vb" Description="File successfully backed up as C:\Documents and Settings\Administrador\Mis documentos\2003 my VS Projects\Mios\Editor de Registros Sísmicos\Backup\Hojas\Ventana.vb">
</Event><Event ErrorLevel="0" Project="Editor de Registros Sísmicos" Source="Hojas\Zm.vb" Description="File successfully backed up as C:\Documents and Settings\Administrador\Mis documentos\2003 my VS Projects\Mios\Editor de Registros Sísmicos\Backup\Hojas\Zm.vb">
</Event><Event ErrorLevel="0" Project="Editor de Registros Sísmicos" Source="App.config" Description="File successfully backed up as C:\Documents and Settings\Administrador\Mis documentos\2003 my VS Projects\Mios\Editor de Registros Sísmicos\Backup\App.config">
</Event><Event ErrorLevel="0" Project="Editor de Registros Sísmicos" Source="Icns\amort.ico" Description="File successfully backed up as C:\Documents and Settings\Administrador\Mis documentos\2003 my VS Projects\Mios\Editor de Registros Sísmicos\Backup\Icns\amort.ico">
</Event><Event ErrorLevel="0" Project="Editor de Registros Sísmicos" Source="Icns\Dere.ico" Description="File successfully backed up as C:\Documents and Settings\Administrador\Mis documentos\2003 my VS Projects\Mios\Editor de Registros Sísmicos\Backup\Icns\Dere.ico">
</Event><Event ErrorLevel="0" Project="Editor de Registros Sísmicos" Source="Icns\espec.ico" Description="File successfully backed up as C:\Documents and Settings\Administrador\Mis documentos\2003 my VS Projects\Mios\Editor de Registros Sísmicos\Backup\Icns\espec.ico">
</Event><Event ErrorLevel="0" Project="Editor de Registros Sísmicos" Source="Icns\EspeNeg.ico" Description="File successfully backed up as C:\Documents and Settings\Administrador\Mis documentos\2003 my VS Projects\Mios\Editor de Registros Sísmicos\Backup\Icns\EspeNeg.ico">
</Event><Event ErrorLevel="0" Project="Editor de Registros Sísmicos" Source="Icns\Izqu.ico" Description="File successfully backed up as C:\Documents and Settings\Administrador\Mis documentos\2003 my VS Projects\Mios\Editor de Registros Sísmicos\Backup\Icns\Izqu.ico">
</Event><Event ErrorLevel="0" Project="Editor de Registros Sísmicos" Source="Icns\Wave.ico" Description="File successfully backed up as C:\Documents and Settings\Administrador\Mis documentos\2003 my VS Projects\Mios\Editor de Registros Sísmicos\Backup\Icns\Wave.ico">
</Event><Event ErrorLevel="0" Project="Editor de Registros Sísmicos" Source="Wave.ico" Description="File successfully backed up as C:\Documents and Settings\Administrador\Mis documentos\2003 my VS Projects\Mios\Editor de Registros Sísmicos\Backup\Wave.ico">
</Event><Event ErrorLevel="0" Project="Editor de Registros Sísmicos" Source="Hojas\about.resx" Description="File successfully backed up as C:\Documents and Settings\Administrador\Mis documentos\2003 my VS Projects\Mios\Editor de Registros Sísmicos\Backup\Hojas\about.resx">
</Event><Event ErrorLevel="0" Project="Editor de Registros Sísmicos" Source="Hojas\bugger.resx" Description="File successfully backed up as C:\Documents and Settings\Administrador\Mis documentos\2003 my VS Projects\Mios\Editor de Registros Sísmicos\Backup\Hojas\bugger.resx">
</Event><Event ErrorLevel="0" Project="Editor de Registros Sísmicos" Source="Hojas\Escalar.resx" Description="File successfully backed up as C:\Documents and Settings\Administrador\Mis documentos\2003 my VS Projects\Mios\Editor de Registros Sísmicos\Backup\Hojas\Escalar.resx">
</Event><Event ErrorLevel="0" Project="Editor de Registros Sísmicos" Source="Hojas\FiltrBound.resx" Description="File successfully backed up as C:\Documents and Settings\Administrador\Mis documentos\2003 my VS Projects\Mios\Editor de Registros Sísmicos\Backup\Hojas\FiltrBound.resx">
</Event><Event ErrorLevel="0" Project="Editor de Registros Sísmicos" Source="Hojas\Form1.resx" Description="File successfully backed up as C:\Documents and Settings\Administrador\Mis documentos\2003 my VS Projects\Mios\Editor de Registros Sísmicos\Backup\Hojas\Form1.resx">
</Event><Event ErrorLevel="0" Project="Editor de Registros Sísmicos" Source="Hojas\guardar.resx" Description="File successfully backed up as C:\Documents and Settings\Administrador\Mis documentos\2003 my VS Projects\Mios\Editor de Registros Sísmicos\Backup\Hojas\guardar.resx">
</Event><Event ErrorLevel="0" Project="Editor de Registros Sísmicos" Source="Hojas\Lista.resx" Description="File successfully backed up as C:\Documents and Settings\Administrador\Mis documentos\2003 my VS Projects\Mios\Editor de Registros Sísmicos\Backup\Hojas\Lista.resx">
</Event><Event ErrorLevel="0" Project="Editor de Registros Sísmicos" Source="Hojas\prop.resx" Description="File successfully backed up as C:\Documents and Settings\Administrador\Mis documentos\2003 my VS Projects\Mios\Editor de Registros Sísmicos\Backup\Hojas\prop.resx">
</Event><Event ErrorLevel="0" Project="Editor de Registros Sísmicos" Source="Hojas\Transf.resx" Description="File successfully backed up as C:\Documents and Settings\Administrador\Mis documentos\2003 my VS Projects\Mios\Editor de Registros Sísmicos\Backup\Hojas\Transf.resx">
</Event><Event ErrorLevel="0" Project="Editor de Registros Sísmicos" Source="Hojas\TRFview.resx" Description="File successfully backed up as C:\Documents and Settings\Administrador\Mis documentos\2003 my VS Projects\Mios\Editor de Registros Sísmicos\Backup\Hojas\TRFview.resx">
</Event><Event ErrorLevel="0" Project="Editor de Registros Sísmicos" Source="Hojas\Ventana.resx" Description="File successfully backed up as C:\Documents and Settings\Administrador\Mis documentos\2003 my VS Projects\Mios\Editor de Registros Sísmicos\Backup\Hojas\Ventana.resx">
</Event><Event ErrorLevel="0" Project="Editor de Registros Sísmicos" Source="Hojas\Zm.resx" Description="File successfully backed up as C:\Documents and Settings\Administrador\Mis documentos\2003 my VS Projects\Mios\Editor de Registros Sísmicos\Backup\Hojas\Zm.resx">
</Event><Event ErrorLevel="0" Project="Editor de Registros Sísmicos" Source="Editor de Registros Sísmicos.vbproj" Description="Project converted successfully">
</Event><Event ErrorLevel="3" Project="Editor de Registros Sísmicos" Source="Editor de Registros Sísmicos.vbproj" Description="Converted">
</Event><Event ErrorLevel="0" Project="" Source="Editor de Registros Sísmicos.sln" Description="Solution converted successfully">
</Event><Event ErrorLevel="3" Project="" Source="Editor de Registros Sísmicos.sln" Description="Converted">
</Event><Event ErrorLevel="0" Project="Editor de Registros Sísmicos" Source="Editor de Registros Sísmicos.vbproj" Description="Scan complete: Upgrade not required for project files.">
</Event></UpgradeLog>