<?xml version="1.0" encoding="UTF-8"?><?xml-stylesheet type='text/xsl' href='_UpgradeReport_Files/UpgradeReport.xslt'?><UpgradeLog>
<Properties><Property Name="Solution" Value="ARSis">
</Property><Property Name="Solution File" Value="C:\Documents and Settings\Administrador\Mis documentos\2003 my VS Projects\Mios\ARSis\ARSis.sln">
</Property><Property Name="User Options File" Value="C:\Documents and Settings\Administrador\Mis documentos\2003 my VS Projects\Mios\ARSis\ARSis.suo">
</Property><Property Name="Date" Value="Lunes, 28 de Enero de 2008">
</Property><Property Name="Time" Value="17:38 p.m.">
</Property></Properties><Event ErrorLevel="0" Project="" Source="ARSis.sln" Description="File successfully backed up as C:\Documents and Settings\Administrador\Mis documentos\2003 my VS Projects\Mios\ARSis\Backup\ARSis.sln">
</Event><Event ErrorLevel="0" Project="" Source="ARSis.suo" Description="File successfully backed up as C:\Documents and Settings\Administrador\Mis documentos\2003 my VS Projects\Mios\ARSis\Backup\ARSis.suo">
</Event><Event ErrorLevel="1" Project="Registros 1a Prop" Source="..\Registros 1a Prop\Registros 1a Prop.vbproj" Description="Warning: The project file is being backed up to a relative path that differs from the original solution relative path.  The difference in folder hierarchy may create problems in opening or building the backed up solution and project.">
</Event><Event ErrorLevel="0" Project="Registros 1a Prop" Source="..\Registros 1a Prop\Registros 1a Prop.vbproj" Description="Project file successfully backed up as C:\Documents and Settings\Administrador\Mis documentos\2003 my VS Projects\Mios\ARSis\Backup\Registros 1a Prop\Registros 1a Prop.vbproj">
</Event><Event ErrorLevel="0" Project="Registros 1a Prop" Source="..\Registros 1a Prop\Registros 1a Prop.vbproj.user" Description="Project user file successfully backed up as C:\Documents and Settings\Administrador\Mis documentos\2003 my VS Projects\Mios\ARSis\Backup\Registros 1a Prop\Registros 1a Prop.vbproj.user">
</Event><Event ErrorLevel="0" Project="Registros 1a Prop" Source="..\Registros 1a Prop\AssemblyInfo.vb" Description="File successfully backed up as C:\Documents and Settings\Administrador\Mis documentos\2003 my VS Projects\Mios\ARSis\Backup\Registros 1a Prop\AssemblyInfo.vb">
</Event><Event ErrorLevel="0" Project="Registros 1a Prop" Source="..\Registros 1a Prop\Hojas\about.vb" Description="File successfully backed up as C:\Documents and Settings\Administrador\Mis documentos\2003 my VS Projects\Mios\ARSis\Backup\Registros 1a Prop\Hojas\about.vb">
</Event><Event ErrorLevel="0" Project="Registros 1a Prop" Source="..\Registros 1a Prop\Hojas\Consulta.vb" Description="File successfully backed up as C:\Documents and Settings\Administrador\Mis documentos\2003 my VS Projects\Mios\ARSis\Backup\Registros 1a Prop\Hojas\Consulta.vb">
</Event><Event ErrorLevel="0" Project="Registros 1a Prop" Source="..\Registros 1a Prop\Hojas\Filtro.vb" Description="File successfully backed up as C:\Documents and Settings\Administrador\Mis documentos\2003 my VS Projects\Mios\ARSis\Backup\Registros 1a Prop\Hojas\Filtro.vb">
</Event><Event ErrorLevel="0" Project="Registros 1a Prop" Source="..\Registros 1a Prop\Hojas\FrmView.vb" Description="File successfully backed up as C:\Documents and Settings\Administrador\Mis documentos\2003 my VS Projects\Mios\ARSis\Backup\Registros 1a Prop\Hojas\FrmView.vb">
</Event><Event ErrorLevel="0" Project="Registros 1a Prop" Source="..\Registros 1a Prop\Hojas\Main.vb" Description="File successfully backed up as C:\Documents and Settings\Administrador\Mis documentos\2003 my VS Projects\Mios\ARSis\Backup\Registros 1a Prop\Hojas\Main.vb">
</Event><Event ErrorLevel="0" Project="Registros 1a Prop" Source="..\Registros 1a Prop\Mas codg\BoX.vb" Description="File successfully backed up as C:\Documents and Settings\Administrador\Mis documentos\2003 my VS Projects\Mios\ARSis\Backup\Registros 1a Prop\Mas codg\BoX.vb">
</Event><Event ErrorLevel="0" Project="Registros 1a Prop" Source="..\Registros 1a Prop\Mas codg\ClassDibujo.vb" Description="File successfully backed up as C:\Documents and Settings\Administrador\Mis documentos\2003 my VS Projects\Mios\ARSis\Backup\Registros 1a Prop\Mas codg\ClassDibujo.vb">
</Event><Event ErrorLevel="0" Project="Registros 1a Prop" Source="..\Registros 1a Prop\Mas codg\DirectoryNode.vb" Description="File successfully backed up as C:\Documents and Settings\Administrador\Mis documentos\2003 my VS Projects\Mios\ARSis\Backup\Registros 1a Prop\Mas codg\DirectoryNode.vb">
</Event><Event ErrorLevel="0" Project="Registros 1a Prop" Source="..\Registros 1a Prop\Mas codg\FolderList.vb" Description="File successfully backed up as C:\Documents and Settings\Administrador\Mis documentos\2003 my VS Projects\Mios\ARSis\Backup\Registros 1a Prop\Mas codg\FolderList.vb">
</Event><Event ErrorLevel="0" Project="Registros 1a Prop" Source="..\Registros 1a Prop\App1.config" Description="File successfully backed up as C:\Documents and Settings\Administrador\Mis documentos\2003 my VS Projects\Mios\ARSis\Backup\Registros 1a Prop\App1.config">
</Event><Event ErrorLevel="0" Project="Registros 1a Prop" Source="..\Registros 1a Prop\Iconos\Icon1.ico" Description="File successfully backed up as C:\Documents and Settings\Administrador\Mis documentos\2003 my VS Projects\Mios\ARSis\Backup\Registros 1a Prop\Iconos\Icon1.ico">
</Event><Event ErrorLevel="0" Project="Registros 1a Prop" Source="..\Registros 1a Prop\Iconos\Icon1amarillo.ico" Description="File successfully backed up as C:\Documents and Settings\Administrador\Mis documentos\2003 my VS Projects\Mios\ARSis\Backup\Registros 1a Prop\Iconos\Icon1amarillo.ico">
</Event><Event ErrorLevel="0" Project="Registros 1a Prop" Source="..\Registros 1a Prop\Iconos\IconCanal1.ico" Description="File successfully backed up as C:\Documents and Settings\Administrador\Mis documentos\2003 my VS Projects\Mios\ARSis\Backup\Registros 1a Prop\Iconos\IconCanal1.ico">
</Event><Event ErrorLevel="0" Project="Registros 1a Prop" Source="..\Registros 1a Prop\Iconos\IconCanal1RAW.ico" Description="File successfully backed up as C:\Documents and Settings\Administrador\Mis documentos\2003 my VS Projects\Mios\ARSis\Backup\Registros 1a Prop\Iconos\IconCanal1RAW.ico">
</Event><Event ErrorLevel="0" Project="Registros 1a Prop" Source="..\Registros 1a Prop\Iconos\IconCanal2.ico" Description="File successfully backed up as C:\Documents and Settings\Administrador\Mis documentos\2003 my VS Projects\Mios\ARSis\Backup\Registros 1a Prop\Iconos\IconCanal2.ico">
</Event><Event ErrorLevel="0" Project="Registros 1a Prop" Source="..\Registros 1a Prop\Iconos\IconCanal2RAW.ico" Description="File successfully backed up as C:\Documents and Settings\Administrador\Mis documentos\2003 my VS Projects\Mios\ARSis\Backup\Registros 1a Prop\Iconos\IconCanal2RAW.ico">
</Event><Event ErrorLevel="0" Project="Registros 1a Prop" Source="..\Registros 1a Prop\Iconos\IconCanal3.ico" Description="File successfully backed up as C:\Documents and Settings\Administrador\Mis documentos\2003 my VS Projects\Mios\ARSis\Backup\Registros 1a Prop\Iconos\IconCanal3.ico">
</Event><Event ErrorLevel="0" Project="Registros 1a Prop" Source="..\Registros 1a Prop\Iconos\IconCanal3RAW.ico" Description="File successfully backed up as C:\Documents and Settings\Administrador\Mis documentos\2003 my VS Projects\Mios\ARSis\Backup\Registros 1a Prop\Iconos\IconCanal3RAW.ico">
</Event><Event ErrorLevel="0" Project="Registros 1a Prop" Source="..\Registros 1a Prop\Iconos\IconHDR.ico" Description="File successfully backed up as C:\Documents and Settings\Administrador\Mis documentos\2003 my VS Projects\Mios\ARSis\Backup\Registros 1a Prop\Iconos\IconHDR.ico">
</Event><Event ErrorLevel="0" Project="Registros 1a Prop" Source="..\Registros 1a Prop\Iconos\IconSHD.ico" Description="File successfully backed up as C:\Documents and Settings\Administrador\Mis documentos\2003 my VS Projects\Mios\ARSis\Backup\Registros 1a Prop\Iconos\IconSHD.ico">
</Event><Event ErrorLevel="0" Project="Registros 1a Prop" Source="..\Registros 1a Prop\Consult.inf" Description="File successfully backed up as C:\Documents and Settings\Administrador\Mis documentos\2003 my VS Projects\Mios\ARSis\Backup\Registros 1a Prop\Consult.inf">
</Event><Event ErrorLevel="0" Project="Registros 1a Prop" Source="..\Registros 1a Prop\Icon1.ico" Description="File successfully backed up as C:\Documents and Settings\Administrador\Mis documentos\2003 my VS Projects\Mios\ARSis\Backup\Registros 1a Prop\Icon1.ico">
</Event><Event ErrorLevel="0" Project="Registros 1a Prop" Source="..\Registros 1a Prop\KW2ASC32.exe" Description="File successfully backed up as C:\Documents and Settings\Administrador\Mis documentos\2003 my VS Projects\Mios\ARSis\Backup\Registros 1a Prop\KW2ASC32.exe">
</Event><Event ErrorLevel="0" Project="Registros 1a Prop" Source="..\Registros 1a Prop\Hojas\about.resx" Description="File successfully backed up as C:\Documents and Settings\Administrador\Mis documentos\2003 my VS Projects\Mios\ARSis\Backup\Registros 1a Prop\Hojas\about.resx">
</Event><Event ErrorLevel="0" Project="Registros 1a Prop" Source="..\Registros 1a Prop\Hojas\Consulta.resx" Description="File successfully backed up as C:\Documents and Settings\Administrador\Mis documentos\2003 my VS Projects\Mios\ARSis\Backup\Registros 1a Prop\Hojas\Consulta.resx">
</Event><Event ErrorLevel="0" Project="Registros 1a Prop" Source="..\Registros 1a Prop\Hojas\Filtro.resx" Description="File successfully backed up as C:\Documents and Settings\Administrador\Mis documentos\2003 my VS Projects\Mios\ARSis\Backup\Registros 1a Prop\Hojas\Filtro.resx">
</Event><Event ErrorLevel="0" Project="Registros 1a Prop" Source="..\Registros 1a Prop\Hojas\FrmView.resx" Description="File successfully backed up as C:\Documents and Settings\Administrador\Mis documentos\2003 my VS Projects\Mios\ARSis\Backup\Registros 1a Prop\Hojas\FrmView.resx">
</Event><Event ErrorLevel="0" Project="Registros 1a Prop" Source="..\Registros 1a Prop\Hojas\Main.resx" Description="File successfully backed up as C:\Documents and Settings\Administrador\Mis documentos\2003 my VS Projects\Mios\ARSis\Backup\Registros 1a Prop\Hojas\Main.resx">
</Event><Event ErrorLevel="0" Project="Registros 1a Prop" Source="..\Registros 1a Prop\Registros 1a Prop.vbproj" Description="The project file does not require conversion.">
</Event><Event ErrorLevel="3" Project="Registros 1a Prop" Source="..\Registros 1a Prop\Registros 1a Prop.vbproj" Description="No Conversion Required">
</Event><Event ErrorLevel="1" Project="Editor de Registros Sísmicos" Source="..\Editor de Registros Sísmicos\Editor de Registros Sísmicos.vbproj" Description="Warning: The project file is being backed up to a relative path that differs from the original solution relative path.  The difference in folder hierarchy may create problems in opening or building the backed up solution and project.">
</Event><Event ErrorLevel="0" Project="Editor de Registros Sísmicos" Source="..\Editor de Registros Sísmicos\Editor de Registros Sísmicos.vbproj" Description="Project file successfully backed up as C:\Documents and Settings\Administrador\Mis documentos\2003 my VS Projects\Mios\ARSis\Backup\Editor de Registros Sísmicos\Editor de Registros Sísmicos.vbproj">
</Event><Event ErrorLevel="0" Project="Editor de Registros Sísmicos" Source="..\Editor de Registros Sísmicos\Editor de Registros Sísmicos.vbproj.user" Description="Project user file successfully backed up as C:\Documents and Settings\Administrador\Mis documentos\2003 my VS Projects\Mios\ARSis\Backup\Editor de Registros Sísmicos\Editor de Registros Sísmicos.vbproj.user">
</Event><Event ErrorLevel="0" Project="Editor de Registros Sísmicos" Source="..\Editor de Registros Sísmicos\AssemblyInfo.vb" Description="File successfully backed up as C:\Documents and Settings\Administrador\Mis documentos\2003 my VS Projects\Mios\ARSis\Backup\Editor de Registros Sísmicos\AssemblyInfo.vb">
</Event><Event ErrorLevel="0" Project="Editor de Registros Sísmicos" Source="..\Editor de Registros Sísmicos\Box.vb" Description="File successfully backed up as C:\Documents and Settings\Administrador\Mis documentos\2003 my VS Projects\Mios\ARSis\Backup\Editor de Registros Sísmicos\Box.vb">
</Event><Event ErrorLevel="0" Project="Editor de Registros Sísmicos" Source="..\Editor de Registros Sísmicos\ClassDibujo.vb" Description="File successfully backed up as C:\Documents and Settings\Administrador\Mis documentos\2003 my VS Projects\Mios\ARSis\Backup\Editor de Registros Sísmicos\ClassDibujo.vb">
</Event><Event ErrorLevel="0" Project="Editor de Registros Sísmicos" Source="..\Editor de Registros Sísmicos\Hojas\about.vb" Description="File successfully backed up as C:\Documents and Settings\Administrador\Mis documentos\2003 my VS Projects\Mios\ARSis\Backup\Editor de Registros Sísmicos\Hojas\about.vb">
</Event><Event ErrorLevel="0" Project="Editor de Registros Sísmicos" Source="..\Editor de Registros Sísmicos\Hojas\bugger.vb" Description="File successfully backed up as C:\Documents and Settings\Administrador\Mis documentos\2003 my VS Projects\Mios\ARSis\Backup\Editor de Registros Sísmicos\Hojas\bugger.vb">
</Event><Event ErrorLevel="0" Project="Editor de Registros Sísmicos" Source="..\Editor de Registros Sísmicos\Hojas\Escalar.vb" Description="File successfully backed up as C:\Documents and Settings\Administrador\Mis documentos\2003 my VS Projects\Mios\ARSis\Backup\Editor de Registros Sísmicos\Hojas\Escalar.vb">
</Event><Event ErrorLevel="0" Project="Editor de Registros Sísmicos" Source="..\Editor de Registros Sísmicos\Hojas\FiltrBound.vb" Description="File successfully backed up as C:\Documents and Settings\Administrador\Mis documentos\2003 my VS Projects\Mios\ARSis\Backup\Editor de Registros Sísmicos\Hojas\FiltrBound.vb">
</Event><Event ErrorLevel="0" Project="Editor de Registros Sísmicos" Source="..\Editor de Registros Sísmicos\Hojas\Form1.vb" Description="File successfully backed up as C:\Documents and Settings\Administrador\Mis documentos\2003 my VS Projects\Mios\ARSis\Backup\Editor de Registros Sísmicos\Hojas\Form1.vb">
</Event><Event ErrorLevel="0" Project="Editor de Registros Sísmicos" Source="..\Editor de Registros Sísmicos\Hojas\guardar.vb" Description="File successfully backed up as C:\Documents and Settings\Administrador\Mis documentos\2003 my VS Projects\Mios\ARSis\Backup\Editor de Registros Sísmicos\Hojas\guardar.vb">
</Event><Event ErrorLevel="0" Project="Editor de Registros Sísmicos" Source="..\Editor de Registros Sísmicos\Hojas\Lista.vb" Description="File successfully backed up as C:\Documents and Settings\Administrador\Mis documentos\2003 my VS Projects\Mios\ARSis\Backup\Editor de Registros Sísmicos\Hojas\Lista.vb">
</Event><Event ErrorLevel="0" Project="Editor de Registros Sísmicos" Source="..\Editor de Registros Sísmicos\Hojas\prop.vb" Description="File successfully backed up as C:\Documents and Settings\Administrador\Mis documentos\2003 my VS Projects\Mios\ARSis\Backup\Editor de Registros Sísmicos\Hojas\prop.vb">
</Event><Event ErrorLevel="0" Project="Editor de Registros Sísmicos" Source="..\Editor de Registros Sísmicos\Hojas\Transf.vb" Description="File successfully backed up as C:\Documents and Settings\Administrador\Mis documentos\2003 my VS Projects\Mios\ARSis\Backup\Editor de Registros Sísmicos\Hojas\Transf.vb">
</Event><Event ErrorLevel="0" Project="Editor de Registros Sísmicos" Source="..\Editor de Registros Sísmicos\Hojas\TRFview.vb" Description="File successfully backed up as C:\Documents and Settings\Administrador\Mis documentos\2003 my VS Projects\Mios\ARSis\Backup\Editor de Registros Sísmicos\Hojas\TRFview.vb">
</Event><Event ErrorLevel="0" Project="Editor de Registros Sísmicos" Source="..\Editor de Registros Sísmicos\Hojas\Ventana.vb" Description="File successfully backed up as C:\Documents and Settings\Administrador\Mis documentos\2003 my VS Projects\Mios\ARSis\Backup\Editor de Registros Sísmicos\Hojas\Ventana.vb">
</Event><Event ErrorLevel="0" Project="Editor de Registros Sísmicos" Source="..\Editor de Registros Sísmicos\Hojas\Zm.vb" Description="File successfully backed up as C:\Documents and Settings\Administrador\Mis documentos\2003 my VS Projects\Mios\ARSis\Backup\Editor de Registros Sísmicos\Hojas\Zm.vb">
</Event><Event ErrorLevel="0" Project="Editor de Registros Sísmicos" Source="..\Editor de Registros Sísmicos\App.config" Description="File successfully backed up as C:\Documents and Settings\Administrador\Mis documentos\2003 my VS Projects\Mios\ARSis\Backup\Editor de Registros Sísmicos\App.config">
</Event><Event ErrorLevel="0" Project="Editor de Registros Sísmicos" Source="..\Editor de Registros Sísmicos\Icns\amort.ico" Description="File successfully backed up as C:\Documents and Settings\Administrador\Mis documentos\2003 my VS Projects\Mios\ARSis\Backup\Editor de Registros Sísmicos\Icns\amort.ico">
</Event><Event ErrorLevel="0" Project="Editor de Registros Sísmicos" Source="..\Editor de Registros Sísmicos\Icns\Dere.ico" Description="File successfully backed up as C:\Documents and Settings\Administrador\Mis documentos\2003 my VS Projects\Mios\ARSis\Backup\Editor de Registros Sísmicos\Icns\Dere.ico">
</Event><Event ErrorLevel="0" Project="Editor de Registros Sísmicos" Source="..\Editor de Registros Sísmicos\Icns\espec.ico" Description="File successfully backed up as C:\Documents and Settings\Administrador\Mis documentos\2003 my VS Projects\Mios\ARSis\Backup\Editor de Registros Sísmicos\Icns\espec.ico">
</Event><Event ErrorLevel="0" Project="Editor de Registros Sísmicos" Source="..\Editor de Registros Sísmicos\Icns\EspeNeg.ico" Description="File successfully backed up as C:\Documents and Settings\Administrador\Mis documentos\2003 my VS Projects\Mios\ARSis\Backup\Editor de Registros Sísmicos\Icns\EspeNeg.ico">
</Event><Event ErrorLevel="0" Project="Editor de Registros Sísmicos" Source="..\Editor de Registros Sísmicos\Icns\Izqu.ico" Description="File successfully backed up as C:\Documents and Settings\Administrador\Mis documentos\2003 my VS Projects\Mios\ARSis\Backup\Editor de Registros Sísmicos\Icns\Izqu.ico">
</Event><Event ErrorLevel="0" Project="Editor de Registros Sísmicos" Source="..\Editor de Registros Sísmicos\Icns\Wave.ico" Description="File successfully backed up as C:\Documents and Settings\Administrador\Mis documentos\2003 my VS Projects\Mios\ARSis\Backup\Editor de Registros Sísmicos\Icns\Wave.ico">
</Event><Event ErrorLevel="0" Project="Editor de Registros Sísmicos" Source="..\Editor de Registros Sísmicos\Wave.ico" Description="File successfully backed up as C:\Documents and Settings\Administrador\Mis documentos\2003 my VS Projects\Mios\ARSis\Backup\Editor de Registros Sísmicos\Wave.ico">
</Event><Event ErrorLevel="0" Project="Editor de Registros Sísmicos" Source="..\Editor de Registros Sísmicos\Hojas\about.resx" Description="File successfully backed up as C:\Documents and Settings\Administrador\Mis documentos\2003 my VS Projects\Mios\ARSis\Backup\Editor de Registros Sísmicos\Hojas\about.resx">
</Event><Event ErrorLevel="0" Project="Editor de Registros Sísmicos" Source="..\Editor de Registros Sísmicos\Hojas\bugger.resx" Description="File successfully backed up as C:\Documents and Settings\Administrador\Mis documentos\2003 my VS Projects\Mios\ARSis\Backup\Editor de Registros Sísmicos\Hojas\bugger.resx">
</Event><Event ErrorLevel="0" Project="Editor de Registros Sísmicos" Source="..\Editor de Registros Sísmicos\Hojas\Escalar.resx" Description="File successfully backed up as C:\Documents and Settings\Administrador\Mis documentos\2003 my VS Projects\Mios\ARSis\Backup\Editor de Registros Sísmicos\Hojas\Escalar.resx">
</Event><Event ErrorLevel="0" Project="Editor de Registros Sísmicos" Source="..\Editor de Registros Sísmicos\Hojas\FiltrBound.resx" Description="File successfully backed up as C:\Documents and Settings\Administrador\Mis documentos\2003 my VS Projects\Mios\ARSis\Backup\Editor de Registros Sísmicos\Hojas\FiltrBound.resx">
</Event><Event ErrorLevel="0" Project="Editor de Registros Sísmicos" Source="..\Editor de Registros Sísmicos\Hojas\Form1.resx" Description="File successfully backed up as C:\Documents and Settings\Administrador\Mis documentos\2003 my VS Projects\Mios\ARSis\Backup\Editor de Registros Sísmicos\Hojas\Form1.resx">
</Event><Event ErrorLevel="0" Project="Editor de Registros Sísmicos" Source="..\Editor de Registros Sísmicos\Hojas\guardar.resx" Description="File successfully backed up as C:\Documents and Settings\Administrador\Mis documentos\2003 my VS Projects\Mios\ARSis\Backup\Editor de Registros Sísmicos\Hojas\guardar.resx">
</Event><Event ErrorLevel="0" Project="Editor de Registros Sísmicos" Source="..\Editor de Registros Sísmicos\Hojas\Lista.resx" Description="File successfully backed up as C:\Documents and Settings\Administrador\Mis documentos\2003 my VS Projects\Mios\ARSis\Backup\Editor de Registros Sísmicos\Hojas\Lista.resx">
</Event><Event ErrorLevel="0" Project="Editor de Registros Sísmicos" Source="..\Editor de Registros Sísmicos\Hojas\prop.resx" Description="File successfully backed up as C:\Documents and Settings\Administrador\Mis documentos\2003 my VS Projects\Mios\ARSis\Backup\Editor de Registros Sísmicos\Hojas\prop.resx">
</Event><Event ErrorLevel="0" Project="Editor de Registros Sísmicos" Source="..\Editor de Registros Sísmicos\Hojas\Transf.resx" Description="File successfully backed up as C:\Documents and Settings\Administrador\Mis documentos\2003 my VS Projects\Mios\ARSis\Backup\Editor de Registros Sísmicos\Hojas\Transf.resx">
</Event><Event ErrorLevel="0" Project="Editor de Registros Sísmicos" Source="..\Editor de Registros Sísmicos\Hojas\TRFview.resx" Description="File successfully backed up as C:\Documents and Settings\Administrador\Mis documentos\2003 my VS Projects\Mios\ARSis\Backup\Editor de Registros Sísmicos\Hojas\TRFview.resx">
</Event><Event ErrorLevel="0" Project="Editor de Registros Sísmicos" Source="..\Editor de Registros Sísmicos\Hojas\Ventana.resx" Description="File successfully backed up as C:\Documents and Settings\Administrador\Mis documentos\2003 my VS Projects\Mios\ARSis\Backup\Editor de Registros Sísmicos\Hojas\Ventana.resx">
</Event><Event ErrorLevel="0" Project="Editor de Registros Sísmicos" Source="..\Editor de Registros Sísmicos\Hojas\Zm.resx" Description="File successfully backed up as C:\Documents and Settings\Administrador\Mis documentos\2003 my VS Projects\Mios\ARSis\Backup\Editor de Registros Sísmicos\Hojas\Zm.resx">
</Event><Event ErrorLevel="0" Project="Editor de Registros Sísmicos" Source="..\Editor de Registros Sísmicos\Editor de Registros Sísmicos.vbproj" Description="The project file does not require conversion.">
</Event><Event ErrorLevel="3" Project="Editor de Registros Sísmicos" Source="..\Editor de Registros Sísmicos\Editor de Registros Sísmicos.vbproj" Description="No Conversion Required">
</Event><Event ErrorLevel="0" Project="Install ARSis v1.2.vdproj" Source="Install ARSis v1.2\Install ARSis v1.2.vdproj" Description="Project file successfully backed up as C:\Documents and Settings\Administrador\Mis documentos\2003 my VS Projects\Mios\ARSis\Backup\Install ARSis v1.2\Install ARSis v1.2.vdproj">
</Event><Event ErrorLevel="0" Project="" Source="ARSis.sln" Description="Solution converted successfully">
</Event><Event ErrorLevel="3" Project="" Source="ARSis.sln" Description="Converted">
</Event><Event ErrorLevel="0" Project="Install ARSis v1.2.vdproj" Source="Install ARSis v1.2\Install ARSis v1.2.vdproj" Description="Project converted successfully">
</Event><Event ErrorLevel="3" Project="Install ARSis v1.2.vdproj" Source="Install ARSis v1.2\Install ARSis v1.2.vdproj" Description="Converted">
</Event></UpgradeLog>